<?xml version="1.0" encoding="UTF-8"?>

<office:document-meta xmlns:office="urn:oasis:names:tc:opendocument:xmlns:office:1.0"
                      xmlns:meta="urn:oasis:names:tc:opendocument:xmlns:meta:1.0" office:version="1.0">
 <office:meta>
  <meta:generator>JabRef version ${version}
  </meta:generator>
<!--  <meta:creation-date>2005-11-01T22:55:38</meta:creation-date>  <dc:date>2005-11-01T22:59:26</dc:date>  <dc:language>en-US</dc:language>  <meta:editing-cycles>3</meta:editing-cycles>  <meta:editing-duration>PT3M50S</meta:editing-duration>-->
  <meta:user-defined meta:name="Info 1"/>
  <meta:user-defined meta:name="Info 2"/>
  <meta:user-defined meta:name="Info 3"/>
  <meta:user-defined meta:name="Info 4"/>
<!--  <meta:document-statistic meta:table-count="3" meta:cell-count="4"/>-->
 </office:meta>
</office:document-meta>
